'ｄ','ｄ','2021-01-23 12:55:58'
'え','ええええええええええええええええええええええええええええええええええええええええええええええええええええええええええええええええええええええええええええええええええええええええ','2021-01-23 12:56:21'
'あああああああ','ｗ','2021-01-23 12:56:50'
'jjjjjjjjjjjjjjjjjjjjjjjjjjjjj','j','2021-01-23 12:57:32'
'jjjjjjjjjjjjjjjjjjjjjjjjjjjjj','n','2021-01-23 12:57:56'
'qwrtyuioplkjhgfdsazxcvbnm,lo','b','2021-01-23 12:58:41'
'あああああああああ','ｆ','2021-01-23 13:00:09'
'あああああああああああああああああああああああああああああ','あ','2021-01-23 13:02:52'
'kkkkkkkkkkkkkkkkkkkkkkkkkkkkk','j','2021-01-23 13:03:53'
'ffff','ffffffff','2021-01-23 22:11:27'
'kkkkkkkkf','fffffff','2021-01-23 22:11:41'
'd','ddddd','2021-01-23 22:12:50'
'3期生','e','2021-01-23 22:16:13'
'3期生','e','2021-01-23 22:16:39'
'3期生','e','2021-01-23 22:51:54'
's','s','2021-01-23 22:52:02'
'ff','fff','2021-01-23 23:10:26'
'xxxxxxxxxxx','v','2021-01-23 23:24:21'
